,symbol,name,market_cap,mic,list_date,cik,composite_figi,outstanding_shares,postal_code,state,country,type,volume,closing_price,weighted
0,NVDA,NVIDIA Corp,5638.195,XNAS,1999-01-22 00:00:00+00:00,0001045810,BBG000BBJQV0,24200000000.0,,,US,Common Stock,125195203.9183963,,13.9
1,AAPL,Apple Inc,4820.749,XNAS,1980-12-12 00:00:00+00:00,0000320193,BBG000B9XRY4,14687360000.0,,,US,Common Stock,40754763.7069019,,11.9
2,GOOGL,Alphabet Inc,4201.005,XNAS,2004-08-19 00:00:00+00:00,0001652044,BBG009S39JX6,12230000000.0,,,US,Common Stock,26152545.3268175,,10.4
3,GOOG,Alphabet Inc. Class C Capital Stock,4096.172,XNAS,2004-08-19 00:00:00+00:00,0001652044,BBG009S3NB30,5527000000.0,94043,CA,,Common Stock,17363566.9438305,,10.1
4,MSFT,Microsoft Corp,3807.820,XNAS,1986-03-13 00:00:00+00:00,0000789019,BBG000BPH459,7425545491.0,98052-6399,WA,,Common Stock,21691340.117776234,,9.4
5,AMZN,Amazon.com Inc,2712.974,XNAS,1997-05-15 00:00:00+00:00,0001018724,BBG000BVPV84,10757110000.0,,,US,Common Stock,34289225.4271856,,6.7
6,TSM,Taiwan Semiconductor Manufacturing Company Ltd.,2381.629,XNYS,1997-10-08 00:00:00+00:00,0001046179,BBG000BD8ZK0,5186474000.0,,,,ADR,9594788.2321548,,5.9
7,META,Meta Platforms Inc,1854.788,XNAS,2012-05-18 00:00:00+00:00,0001326801,BBG000MM2P62,2538420000.0,,,US,Common Stock,21269197.94570457,,4.6
8,BTC,Bitcoin,1698.621,,2010-07-13 00:00:00+00:00,,,20092700,,,,Crypto,730336518387.9269,84539.19296555255,4.2
9,AVGO,Broadcom Inc,1640.410,XNAS,2009-08-06 00:00:00+00:00,0001730168,BBG00KHY5S69,4757580000.0,,,US,Common Stock,25133584.982898068,,4.1
10,TSLA,Tesla Inc,1463.663,XNAS,2010-06-29 00:00:00+00:00,0001318605,BBG000N9MNX3,3949550000.0,,,US,Common Stock,39260035.72863153,,3.6
11,MU,Micron Technology Inc,1239.385,XNAS,1984-06-01 00:00:00+00:00,0000723125,BBG000C5Z1S3,1129390000.0,,,US,Common Stock,25493383.999717366,,3.1
12,BRK.B,BERKSHIRE HATHAWAY Class B,1071.425,XNYS,1996-05-09 00:00:00+00:00,0001067983,BBG000DWG505,1408035161.0,68131,NE,,Common Stock,4523257.026655633,,2.7
13,LLY,Eli Lilly & Co.,1024.927,XNYS,1970-07-09 00:00:00+00:00,0000059478,BBG000BNBDC2,941357065.0,46285,IN,,Common Stock,2341355.7618625,,2.5
14,AMD,Advanced Micro Devices,1005.164,XNAS,1973-01-02 00:00:00+00:00,0000002488,BBG000BBQCY0,1632475042.0,95054,CA,,Common Stock,20189007.810454097,,2.5
15,WMT,Walmart Inc,884.143,XNAS,1972-08-25 00:00:00+00:00,0000104169,BBG000BWXBC2,7958080000.0,,,US,Common Stock,24614741.616275534,,2.2
16,JPM,JPMorgan Chase & Co,883.528,XNYS,1969-03-05 00:00:00+00:00,0000019617,BBG000DMBXR2,2658200000.0,,,US,Common Stock,7458053.548873067,,2.2
